TIEMPO, PRESION, DISTANCIA, TEMPERATURA PLACA SUPERIOR, TEMPERATURA PLACA INFERIOR
00:01.50,2.05278592375367,33.78,100000041007,158.59
00:03.00,1.83773216031281,33.78,100000041007,124.02
00:04.50,2.1505376344086,33.78,100000041007,142.95